epoch,Training Loss,Train Accur.,Valid. Loss,Valid. Accur.,Training Time,Validation Time,Best Model Saved
1,0.1153290749967092,0.9592993302421432,0.07462413859627161,0.976926246394726,70.85492753982544,5.090914964675903,1
2,0.03278816830216488,0.990726429675425,0.09145862129183738,0.9736299958796869,72.22645664215088,5.2095255851745605,
3,0.018583770264965202,0.9931993817619784,0.0766473747428934,0.9798104655953852,74.50122451782227,5.221946954727173,3
4,0.007754160182943619,0.9973209685729005,0.10084792401137652,0.9798104655953852,73.94179320335388,5.2689878940582275,3
5,0.006381050218100474,0.9978361669242658,0.10415094228918813,0.980634528224145,73.81055474281311,5.269611358642578,5
